generation,mean_fitness
0,1.000000
500,1.147000
1000,1.273783
1500,1.392387
2000,1.501518
5000,2.042211
10000,2.720512
15000,3.250580
20000,3.718941
30000,4.501409
40000,5.161980
50000,5.758762
